[
    {
        "name": "\u6296\u4e00\u6296 - \u9a86\u9a7c\u5f3a\u5b50",
        "singer": "\u9a86\u9a7c\u5f3a\u5b50",
        "url": "http://ting6.yymp3.net:82/new27/LTQZ/1.mp3"
    },
    {
        "name": "\u5fc3\u75db - \u5f90\u826f",
        "singer": "\u5f90\u826f",
        "url": "http://ting6.yymp3.net:82/new27/xuliang7/6.mp3"
    },
    {
        "name": "\u72d0\u72f8 - \u859b\u4e4b\u8c26",
        "singer": "\u859b\u4e4b\u8c26",
        "url": "http://ting6.yymp3.net:82/new27/xuezhiqian8/1.mp3"
    },
    {
        "name": "\u4e3a\u4f60\u800c\u75db - \u5cb3\u601d\u601d",
        "singer": "\u5cb3\u601d\u601d",
        "url": "http://ting6.yymp3.net:82/new27/yuesisi/1.mp3"
    },
    {
        "name": "\u8fdc\u8d70\u9ad8 - \u91d1\u5fd7\u6587",
        "singer": "\u91d1\u5fd7\u6587",
        "url": "http://ting6.yymp3.net:82/new27/jinzhiwen3/1.mp3"
    },
    {
        "name": "\u521a\u597d\u9047\u89c1\u4f60 - \u674e\u7389\u521a",
        "singer": "\u674e\u7389\u521a",
        "url": "http://ting6.yymp3.net:82/new27/liyugang6/6.mp3"
    },
    {
        "name": "\u5e7f\u4e1c\u5341\u5e74\u7231\u60c5\u6545\u4e8b - \u5e7f\u4e1c\u96e8\u795e",
        "singer": "\u5e7f\u4e1c\u96e8\u795e",
        "url": "http://ting6.yymp3.net:82/new27/gdys/1.mp3"
    },
    {
        "name": "\u611f\u89c9\u597d\u50cf\u5728\u4e00\u591c\u4e4b\u95f4\u8001\u4e86\u597d\u51e0\u5341\u5c81 - \u7b80\u5f18\u4ea6",
        "singer": "\u7b80\u5f18\u4ea6",
        "url": "http://ting6.yymp3.net:82/new27/jianhongyi7/2.mp3"
    },
    {
        "name": "\u8d77\u98ce\u4e86 - \u4e70\u8fa3\u6912\u4e5f\u7528\u5238",
        "singer": "\u4e70\u8fa3\u6912\u4e5f\u7528\u5238",
        "url": "http://ting6.yymp3.net:82/new27/mljyyj/1.mp3"
    },
    {
        "name": "\u6211\u4eec\u4e0d\u4e00\u6837 - \u5927\u58ee",
        "singer": "\u5927\u58ee",
        "url": "http://ting6.yymp3.net:82/new27/dazhuan/1.mp3"
    },
    {
        "name": "\u62e5\u62b1\u4f60\u79bb\u53bb - \u5f20\u5317\u5317",
        "singer": "\u5f20\u5317\u5317",
        "url": "http://ting6.yymp3.net:82/new27/zhangbeibei/2.mp3"
    },
    {
        "name": "\u4e0d\u6562 - \u7a0b\u54cd",
        "singer": "\u7a0b\u54cd",
        "url": "http://ting6.yymp3.net:82/new27/chengxiang9/2.mp3"
    },
    {
        "name": "\u66a7\u6627 - \u859b\u4e4b\u8c26",
        "singer": "\u859b\u4e4b\u8c26",
        "url": "http://ting6.yymp3.net:82/new27/xuezhiqian8/8.mp3"
    },
    {
        "name": "\u960d\u8005 - \u7b80\u5f18\u4ea6",
        "singer": "\u7b80\u5f18\u4ea6",
        "url": "http://ting6.yymp3.net:82/new27/jianhongyi7/1.mp3"
    },
    {
        "name": "\u6211\u7684\u5c0f\u53ef\u7231 - MC\u9a6c\u514b",
        "singer": "MC\u9a6c\u514b",
        "url": "http://ting6.yymp3.net:82/new27/mcmake/2.mp3"
    },
    {
        "name": "\u76ae\u76ae\u867e\u6211\u4eec\u8d70 - MC\u9a6c\u514b",
        "singer": "MC\u9a6c\u514b",
        "url": "http://ting6.yymp3.net:82/new27/mcmake/8.mp3"
    },
    {
        "name": "\u6210\u90fd - \u8d75\u96f7",
        "singer": "\u8d75\u96f7",
        "url": "http://ting6.yymp3.net:82/new27/zhaolei2/11.mp3"
    },
    {
        "name": "\u73ab\u7470\u82b1\u7684\u846c\u793c - \u8bb8\u5d69",
        "singer": "\u8bb8\u5d69",
        "url": "http://ting6.yymp3.net:82/new11/Vae2/10.mp3"
    },
    {
        "name": "\u9006\u98ce\u8005 - \u9f99\u6885\u5b50",
        "singer": "\u9f99\u6885\u5b50",
        "url": "http://ting6.yymp3.net:82/new27/longmeizi9/1.mp3"
    },
    {
        "name": "\u76f8\u601d\u52ab - \u8d75\u970f\u513f",
        "singer": "\u8d75\u970f\u513f",
        "url": "http://ting6.yymp3.net:82/new27/zhaofeier/8.mp3"
    },
    {
        "name": "\u8fdc\u8d70\u9ad8\u98de - \u91d1\u5fd7\u6587",
        "singer": "\u91d1\u5fd7\u6587",
        "url": "http://ting6.yymp3.net:82/new27/jinzhiwen3/2.mp3"
    },
    {
        "name": "\u5982\u679c\u7231\u4f60\u6ce8\u5b9a\u662f\u6211\u53d7\u7684\u7f6a - \u5f20\u5317\u5317",
        "singer": "\u5f20\u5317\u5317",
        "url": "http://ting6.yymp3.net:82/new27/zhangbeibei/4.mp3"
    },
    {
        "name": "\u9057\u61be - \u5b59\u9732",
        "singer": "\u5b59\u9732",
        "url": "http://ting6.yymp3.net:82/new27/sunlu7/4.mp3"
    },
    {
        "name": "\u4e0e\u6211\u65e0\u5173 - \u5e84\u5fc3\u598d",
        "singer": "\u5e84\u5fc3\u598d",
        "url": "http://ting6.yymp3.net:82/new27/zhuangxinyan11//1.mp3"
    },
    {
        "name": "\u9189\u6e05\u98ce - \u5f26\u5b50",
        "singer": "\u5f26\u5b50",
        "url": "http://ting6.yymp3.net:82/new11/xianzi2/11.mp3"
    },
    {
        "name": "\u5199\u4e00\u9996\u6b4c - \u90d1\u4e00\u8096",
        "singer": "\u90d1\u4e00\u8096",
        "url": "http://ting6.yymp3.net:82/new27/zhenyixiao/1.mp3"
    },
    {
        "name": "\u5fc3\u91cc\u5b66 - \u5f90\u4f73\u83b9",
        "singer": "\u5f90\u4f73\u83b9",
        "url": "http://ting6.yymp3.net:82/new27/xujiaying9/10.mp3"
    },
    {
        "name": "\u51b3\u5b9a - \u7a0b\u54cd",
        "singer": "\u7a0b\u54cd",
        "url": "http://ting6.yymp3.net:82/new27/chengxiang9/9.mp3"
    },
    {
        "name": "\u521a\u521a\u597d - \u859b\u4e4b\u8c26",
        "singer": "\u859b\u4e4b\u8c26",
        "url": "http://ting6.yymp3.net:82/new27/xuezhiqian7/2.mp3"
    },
    {
        "name": "\u672a\u77e5\u7684\u9009\u62e9 - \u8d75\u970f\u513f",
        "singer": "\u8d75\u970f\u513f",
        "url": "http://ting6.yymp3.net:82/new27/zhaofeier/4.mp3"
    },
    {
        "name": "\u75f4\u4eba\u8bf4\u68a6 - \u9ec4\u51ef\u82b9",
        "singer": "\u9ec4\u51ef\u82b9",
        "url": "http://ting6.yymp3.net:82/new27/huangkaiqin9/1.mp3"
    },
    {
        "name": "\u534a\u68a6\u534a\u9192\u5ffd\u7136\u4e4b\u95f4 - \u7b80\u5f18\u4ea6",
        "singer": "\u7b80\u5f18\u4ea6",
        "url": "http://ting6.yymp3.net:82/new27/jianhongyi6/1.mp3"
    },
    {
        "name": "\u522b\u5728\u6211\u79bb\u5f00\u4e4b\u524d\u79bb\u5f00 - \u96f7\u8bfa\u513f",
        "singer": "\u96f7\u8bfa\u513f",
        "url": "http://ting6.yymp3.net:82/new15/leinuoer/1.mp3"
    },
    {
        "name": "\u4eba\u524d\u4eba\u540e - \u5e84\u5fc3\u598d",
        "singer": "\u5e84\u5fc3\u598d",
        "url": "http://ting6.yymp3.net:82/new26/zhuangxinyan9/1.mp3"
    },
    {
        "name": "\u600e\u6837\u9047\u89c1\u4f60 - \u5b59\u9732",
        "singer": "\u5b59\u9732",
        "url": "http://ting6.yymp3.net:82/new27/sunlu8/1.mp3"
    },
    {
        "name": "\u4e1c\u4eac\u4e0d\u592a\u70ed - \u6d1b\u5929\u4f9d",
        "singer": "\u6d1b\u5929\u4f9d",
        "url": "http://ting6.yymp3.net:82/new27/luotianyi3/1.mp3"
    },
    {
        "name": "\u6211\u613f\u610f - \u4e25\u827a\u4e39",
        "singer": "\u4e25\u827a\u4e39",
        "url": "http://ting6.yymp3.net:82/new27/yanyidan4//3.mp3"
    },
    {
        "name": "\u5957\u9a6c\u6746 - \u4e4c\u5170\u56fe\u96c5",
        "singer": "\u4e4c\u5170\u56fe\u96c5",
        "url": "http://ting6.yymp3.net:82/new22/wulantuya11/2.mp3"
    },
    {
        "name": "\u4e03\u6708\u4e0a - Jam",
        "singer": "Jam",
        "url": "http://ting6.yymp3.net:82/new27/jam/1.mp3"
    },
    {
        "name": "\u9519\u7231 - \u5e84\u5fc3\u598d",
        "singer": "\u5e84\u5fc3\u598d",
        "url": "http://ting6.yymp3.net:82/new25/zhuangxinyan5/2.mp3"
    },
    {
        "name": "\u4e0b\u4e00\u4e2a\u5929\u4eae - \u90ed\u9759",
        "singer": "\u90ed\u9759",
        "url": "http://ting6.yymp3.net:82/new25/guojing7/4.mp3"
    },
    {
        "name": "\u4f60\u82e5\u6210\u98ce - \u8bb8\u5d69",
        "singer": "\u8bb8\u5d69",
        "url": "http://ting6.yymp3.net:82/new3/Vae/18.mp3"
    },
    {
        "name": "\u4eb2\u7231\u7684\u522b\u60f3\u6211 - \u7941\u9686",
        "singer": "\u7941\u9686",
        "url": "http://ting6.yymp3.net:82/new26/qilong4/6.mp3"
    },
    {
        "name": "\u5916\u6ee9\u5341\u516b\u53f7 - \u621a\u8587",
        "singer": "\u621a\u8587",
        "url": "http://ting6.yymp3.net:82/new20/qiwei/7.mp3"
    },
    {
        "name": "\u6211\u7684\u5507\u543b\u4e0d\u5230\u6211\u7231\u7684\u4eba - \u738b\u5955\u5fc3",
        "singer": "\u738b\u5955\u5fc3",
        "url": "http://ting6.yymp3.net:82/new27/wangyixin//1.mp3"
    },
    {
        "name": "\u96e8\u82b1\u77f3 - \u77f3\u5934",
        "singer": "\u77f3\u5934",
        "url": "http://ting6.yymp3.net:82/new20/shitou/10.mp3"
    },
    {
        "name": "\u5982\u679c\u91cd\u6765 - \u5f90\u82e5\u6c50",
        "singer": "\u5f90\u82e5\u6c50",
        "url": "http://ting6.yymp3.net:82/new27/xuroxi/1.mp3"
    },
    {
        "name": "\u6211\u7684\u5929\u7a7a - \u5357\u5f81\u5317\u6218",
        "singer": "\u5357\u5f81\u5317\u6218",
        "url": "http://ting6.yymp3.net:82/new27/nzbz/2.mp3"
    },
    {
        "name": "\u66f2\u7ec8\u4eba\u6563",
        "singer": "\u738b\u5195",
        "url": "http://ting6.yymp3.net:82/new27/wanmian/4.mp3"
    },
    {
        "name": "\u518d\u89c1\u4e60\u60ef - \u9a6c\u90c1",
        "singer": "\u9a6c\u90c1",
        "url": "http://ting6.yymp3.net:82/new26/mayu2/1.mp3"
    },
    {
        "name": "\u518d\u9047\u4e0d\u5230\u4f60\u8fd9\u6837\u7684",
        "singer": "\u5e84\u5fc3\u598d",
        "url": "http://ting6.yymp3.net:82/new27/zhuangxinyan16/13.mp3"
    },
    {
        "name": "\u53d7\u4f24\u7684\u7537\u4eba\u4e0d\u8981\u54ed",
        "singer": "\u6668\u7199",
        "url": "http://ting6.yymp3.net:82/new25/chenxi5/13.mp3"
    },
    {
        "name": "\u6211\u4eec\u90fd\u6ca1\u9519 - \u5218\u54c1\u8a00",
        "singer": "\u5218\u54c1\u8a00",
        "url": "http://ting6.yymp3.net:82/new27/liupinyan/3.mp3"
    },
    {
        "name": "\u5341\u4e00\u5e74 - \u90b1\u6c38\u4f20",
        "singer": "\u90b1\u6c38\u4f20",
        "url": "http://ting6.yymp3.net:82/new17/qiuyongzhuang/1.mp3"
    },
    {
        "name": "\u7ea2\u5c18\u53f9 - \u9648\u745e",
        "singer": "\u9648\u745e",
        "url": "http://ting6.yymp3.net:82/new27/chenrui9/1.mp3"
    },
    {
        "name": "\u505a\u6700\u597d\u7684\u6211 - \u5e84\u5fc3\u598d",
        "singer": "\u5e84\u5fc3\u598d",
        "url": "http://ting6.yymp3.net:82/new27/zhuangxinyan16/1.mp3"
    },
    {
        "name": "\u7231\u60c5\u4e70\u5356 - \u6155\u5bb9\u6653\u6653",
        "singer": "\u6155\u5bb9\u6653\u6653",
        "url": "http://ting6.yymp3.net:82/new18/murongxx2/5.mp3"
    },
    {
        "name": "\u4e0d\u518d\u89c1 - \u9648\u5b66\u51ac",
        "singer": "\u9648\u5b66\u51ac",
        "url": "http://ting6.yymp3.net:82/new26/chenxuedong/1.mp3"
    },
    {
        "name": "\u5f69\u8272\u7c89\u7b14 - \u5f90\u8a89\u6ed5",
        "singer": "\u5f90\u8a89\u6ed5",
        "url": "http://ting6.yymp3.net:82/new17/xuyuteng4/1.mp3"
    },
    {
        "name": "\u5173\u4e8e\u4f60\u548c\u6211\u7684\u6545\u4e8b - \u5173\u6653\u5f64",
        "singer": "\u5173\u6653\u5f64",
        "url": "http://ting6.yymp3.net:82/new27/guanxiaotong/1.mp3"
    },
    {
        "name": "\u591a\u53eb\u4e00\u58f0\u54e5 \u5c11\u722c\u5341\u91cc\u5761",
        "singer": "\u82d7\u5c0f\u9752",
        "url": "http://ting6.yymp3.net:82/new27/miaoxiaoqin/2.mp3"
    },
    {
        "name": "\u5b89\u548c\u6865 - \u5b8b\u51ac\u91ce",
        "singer": "\u5b8b\u51ac\u91ce",
        "url": "http://ting6.yymp3.net:82/new25/songdongye/11.mp3"
    },
    {
        "name": "\u5170\u82b1\u6307",
        "singer": "\u91d1\u6da6\u5409",
        "url": "http://ting6.yymp3.net:82/new27/jinrunji2/5.mp3"
    },
    {
        "name": "\u5f53\u6211\u5531\u8d77\u8fd9\u9996\u6b4c",
        "singer": "\u5c0f\u8d31",
        "url": "http://ting6.yymp3.net:82/new20/xiaojian/3.mp3"
    },
    {
        "name": "\u4e0d\u7231\u53c8\u4f55\u5fc5\u7ea0\u7f20",
        "singer": "\u5a01\u4ed4",
        "url": "http://ting6.yymp3.net:82/new26/weizi/1.mp3"
    },
    {
        "name": "\u660e\u660e\u8fd8\u7231",
        "singer": "\u683c\u5b50\u516e",
        "url": "http://ting6.yymp3.net:82/new27/gezixi/8.mp3"
    },
    {
        "name": "\u4e0b\u4e2a\u8def\u53e3\u89c1",
        "singer": "\u6bdb\u6cfd\u5c11",
        "url": "http://ting6.yymp3.net:82/new27/maozeshao4/12.mp3"
    },
    {
        "name": "\u81ea\u4f5c\u591a\u60c5",
        "singer": "\u672c\u516e",
        "url": "http://ting6.yymp3.net:82/new21/benxi5/9.mp3"
    },
    {
        "name": "\u4e24\u8d25\u4ff1\u4f24",
        "singer": "\u5e26\u6cea\u7684\u9c7c",
        "url": "http://ting6.yymp3.net:82/new27/daileideyu8/7.mp3"
    },
    {
        "name": "\u6211\u7684\u73bb\u7483\u5fc3",
        "singer": "\u5f20\u53ef\u513f",
        "url": "http://ting6.yymp3.net:82/new27/zhangkeer4/1.mp3"
    },
    {
        "name": "\u5973\u4eba\u7684\u82e6\u4f60\u77e5\u9053\u591a\u5c11",
        "singer": "\u5510\u53e4",
        "url": "http://ting6.yymp3.net:82/new27/tanggu8/2.mp3"
    },
    {
        "name": "\u5355\u8272\u51b0\u6dc7\u51cc",
        "singer": "\u5355\u8272\u51cc",
        "url": "http://ting6.yymp3.net:82/new20/danseling/2.mp3"
    },
    {
        "name": "\u590d\u5408\u7231\u60c5",
        "singer": "\u83ab\u5c0f\u5a18",
        "url": "http://ting6.yymp3.net:82/new20/moxiaoniang/2.mp3"
    },
    {
        "name": "\u51b7\u66b4\u529b",
        "singer": "\u661f\u5f1f",
        "url": "http://ting6.yymp3.net:82/new27/xingdi7/1.mp3"
    },
    {
        "name": "\u88ab\u5708\u4f4f\u7684\u9c7c",
        "singer": "\u6e14\u5708",
        "url": "http://ting6.yymp3.net:82/new27/yuquan/1.mp3"
    },
    {
        "name": "\u5b64\u72ec\u7684\u623f\u95f4",
        "singer": "\u5de6\u5c0f\u7956\u5492",
        "url": "http://ting6.yymp3.net:82/new27/zuoxiaozz8/2.mp3"
    },
    {
        "name": "\u5c11\u5973\u5fc3\u4e8b",
        "singer": "\u4f9d\u7a00",
        "url": "http://ting6.yymp3.net:82/new24/yixi2/27.mp3"
    },
    {
        "name": "\u665a\u5b89\u8bf4\u7ed9\u6700\u7231\u7684\u4eba",
        "singer": "\u9648\u745e",
        "url": "http://ting6.yymp3.net:82/new27/chenrui13/1.mp3"
    },
    {
        "name": "\u72fc\u72c8",
        "singer": "\u5f6d\u535a",
        "url": "http://ting6.yymp3.net:82/new27/pengbo/1.mp3"
    },
    {
        "name": "\u522b\u5728\u6211\u79bb\u5f00\u4e4b\u524d\u79bb\u5f00",
        "singer": "\u96f7\u8bfa\u513f",
        "url": "http://ting6.yymp3.net:82/new15/leinuoer/1.mp3"
    },
    {
        "name": "\u5ba2\u5b98\u4e0d\u53ef\u4ee5",
        "singer": "\u5c0f\u51cc",
        "url": "http://ting6.yymp3.net:82/new22/xiaoling2/4.mp3"
    },
    {
        "name": "\u4e5f\u8bb8\u4f60\u5df2\u7ecf\u5fd8\u4e86\u6211",
        "singer": "\u4e54\u6d0b",
        "url": "http://ting6.yymp3.net:82/new27/qiaoyang9/1.mp3"
    },
    {
        "name": "\u4e00\u4ebf\u4e2a\u4f24\u5fc3",
        "singer": "\u8499\u9762\u54e5",
        "url": "http://ting6.yymp3.net:82/new22/mengmiange/3.mp3"
    },
    {
        "name": "\u5929\u5929\u5929\u6674",
        "singer": "\u82b1\u516e\u516e",
        "url": "http://ting6.yymp3.net:82/new27/huaxixi/12.mp3"
    },
    {
        "name": "\u6211\u7684\u5507\u543b\u4e0d\u5230\u6211\u7231\u7684\u4eba",
        "singer": "\u738b\u5955\u5fc3",
        "url": "http://ting6.yymp3.net:82/new27/wangyixin//1.mp3"
    },
    {
        "name": "\u5199\u8bcd\u7684\u4eba",
        "singer": "\u5f90\u826f",
        "url": "http://ting6.yymp3.net:82/new27/xuliang8/2.mp3"
    },
    {
        "name": "\u8be5\u6b7b\u7684\u6e29\u67d4",
        "singer": "\u9a6c\u5929\u5b87",
        "url": "http://ting6.yymp3.net:82/new2/matianyu/1.mp3"
    },
    {
        "name": "\u4e1c\u4eac\u4e0d\u592a\u70ed",
        "singer": "\u6d1b\u5929\u4f9d",
        "url": "http://ting6.yymp3.net:82/new27/luotianyi3/1.mp3"
    },
    {
        "name": "\u4e0a\u9501\u7684\u5fc3\u4e22\u4e86\u94a5\u5319\u7684\u7231",
        "singer": "\u6797\u5e0c\u513f",
        "url": "http://ting6.yymp3.net:82/new27/linxier/17.mp3"
    },
    {
        "name": "\u95ee\u9053\u60c5",
        "singer": "\u56de\u97f3\u54e5",
        "url": "http://ting6.yymp3.net:82/new25/huiyinge5/1.mp3"
    },
    {
        "name": "\u6700\u4f73\u6b4c\u624b",
        "singer": "\u8bb8\u5d69",
        "url": "http://ting6.yymp3.net:82/new27/Vae11/1.mp3"
    },
    {
        "name": "\u8fd8\u6709\u4ec0\u4e48\u8ba9\u4f60\u5bb3\u6015",
        "singer": "\u5355\u5c0f\u6e90",
        "url": "http://ting6.yymp3.net:82/new21/shanxiaoyuan/1.mp3"
    },
    {
        "name": "\u98de\u86fe\u6251\u706b - \u9759\u513f",
        "singer": "\u738b\u952e",
        "url": "http://ting6.yymp3.net:82/new11/wangjian/17.mp3"
    },
    {
        "name": "\u4e0d\u8981\u5728\u6211\u5bc2\u5bde\u7684\u65f6\u5019\u8bf4\u7231\u6211",
        "singer": "\u90d1\u6e90",
        "url": "http://ting6.yymp3.net:82/new11/zhengyuan6/7.mp3"
    },
    {
        "name": "\u4f60\u7684\u6cea\u6e7f\u4e86\u6211\u7684\u5fc3",
        "singer": "\u6b23\u54f2",
        "url": "http://ting6.yymp3.net:82/new21/xinzhe5/5.mp3"
    },
    {
        "name": "\u7231\u6211\u7684\u4eba\u8bf7\u4f60\u544a\u8bc9\u6211",
        "singer": "\u5f20\u6d25\u6da4",
        "url": "http://ting6.yymp3.net:82/new25/zhangjintiao2/7.mp3"
    },
    {
        "name": "\u8001\u5730\u65b9\u7684\u96e8",
        "singer": "\u9648\u745e",
        "url": "http://ting6.yymp3.net:82/new27/chenrui8/2.mp3"
    },
    {
        "name": "\u4f60\u4e5f\u662f\u4f1a\u88ab\u5077\u8d70\u7684\u4eba",
        "singer": "\u6b27\u59d0",
        "url": "http://ting6.yymp3.net:82/new27/oujie/2.mp3"
    },
    {
        "name": "\u65b0\u5a18\u4e0d\u662f\u6211",
        "singer": "\u7a0b\u54cd",
        "url": "http://ting6.yymp3.net:82/new20/chengxiang3/1.mp3"
    },
    {
        "name": "\u6211\u597d\u559c\u6b22\u4f60",
        "singer": "\u516d\u54f2",
        "url": "http://ting6.yymp3.net:82/new18/liuzhe/6.mp3"
    },
    {
        "name": "\u5982\u679c\u80fd\u591f",
        "singer": "\u661f\u5f1f",
        "url": "http://ting6.yymp3.net:82/new27/xingdi8/1.mp3"
    },
    {
        "name": "\u6211\u5728\u524d\u4e16\u7ea6\u4e86\u4f60",
        "singer": "\u5510\u53e4",
        "url": "http://ting6.yymp3.net:82/new26/tanggu5/5.mp3"
    },
    {
        "name": "\u6700\u4f24\u611f\u7684\u4eba",
        "singer": "\u5c0f\u5c71",
        "url": "http://ting6.yymp3.net:82/new20/xiaoshan/2.mp3"
    },
    {
        "name": "\u90fd\u662f\u7231\u7684\u9519",
        "singer": "\u9676\u6676\u6676",
        "url": "http://ting6.yymp3.net:82/new27/taojinjin//2.mp3"
    },
    {
        "name": "\u4e94\u73af\u4e4b\u6b4c",
        "singer": "\u738b\u9e9f/\u5357\u57ce\u4e8c\u54e5",
        "url": "http://ting6.yymp3.net:82/new26/wlnceg/1.mp3"
    },
    {
        "name": "\u4f60\u62b1\u7740\u522b\u7684\u5973\u4eba\u5165\u7761",
        "singer": "\u7cd6\u7cd6\u4e50\u56e2",
        "url": "http://ting6.yymp3.net:82/new18/tangyuetuan2/8.mp3"
    },
    {
        "name": "\u8d70\u7740\u8d70\u7740\u5c31\u6563\u4e86",
        "singer": "\u5510\u53e4",
        "url": "http://ting6.yymp3.net:82/new26/tanggu5/7.mp3"
    },
    {
        "name": "\u4f24\u611f\u60c5\u6b4c",
        "singer": "\u674e\u96e8\u5bff",
        "url": "http://ting6.yymp3.net:82/new27/liyuchou2/1.mp3"
    },
    {
        "name": "\u5e7f\u4e1c\u5341\u5e74\u7231\u60c5\u6545\u4e8b",
        "singer": "\u5e7f\u4e1c\u96e8\u795e",
        "url": "http://ting6.yymp3.net:82/new27/gdys/1.mp3"
    },
    {
        "name": "\u6b4c\u5728\u98de",
        "singer": "\u82cf\u52d2\u4e9a\u5176\u5176\u683c",
        "url": "http://ting6.yymp3.net:82/new27/slyqqg6/1.mp3"
    },
    {
        "name": "\u65f6\u95f4\u90fd\u53bb\u54ea\u513f\u4e86",
        "singer": "\u738b\u94ee\u4eae",
        "url": "http://ting6.yymp3.net:82/new21/wangzhengliang5/12.mp3"
    },
    {
        "name": "\u5e78\u798f\u7684\u4e24\u53e3\u5b50",
        "singer": "\u5e9e\u9f99",
        "url": "http://ting6.yymp3.net:82/new17/penglong9/1.mp3"
    },
    {
        "name": "\u5bc2\u5bde\u7684\u4eba\u4f24\u5fc3\u7684\u6b4c",
        "singer": "\u9f99\u6885\u5b50",
        "url": "http://ting6.yymp3.net:82/new25/2014ndxgst3/213.mp3"
    },
    {
        "name": "\u6885\u82b1\u5f04\u5f04\u5f04",
        "singer": "\u9a6c\u535a",
        "url": "http://ting6.yymp3.net:82/new27/mabo2/1.mp3"
    },
    {
        "name": "\u54e5\u53ea\u662f\u4e2a\u4f20\u8bf4",
        "singer": "\u9648\u65ed",
        "url": "http://ting6.yymp3.net:82/new16/2009ndxgst11/33.mp3"
    },
    {
        "name": "\u6d9b\u58f0\u4f9d\u65e7",
        "singer": "\u6bdb\u5b81",
        "url": "http://ting6.yymp3.net:82/yymp3/01cn/01new/maonin/02.mp3"
    },
    {
        "name": "\u7231\u6211\u7684\u4eba\u8bf7\u4f60\u544a\u8bc9\u6211",
        "singer": "\u5f20\u6d25\u6da4",
        "url": "http://ting6.yymp3.net:82/new25/zhangjintiao2/7.mp3"
    },
    {
        "name": "\u5236\u670d\u8bf1\u60d1",
        "singer": "\u5eb7\u6b63\u660a",
        "url": "http://ting6.yymp3.net:82/new24/kangzhenghao/4.mp3"
    },
    {
        "name": "\u72af\u9519",
        "singer": "\u65af\u7434\u9ad8\u4e3d",
        "url": "http://ting6.yymp3.net:82/new17/siqingaoli4/10.mp3"
    },
    {
        "name": "\u9006\u6d41\u6210\u6cb3",
        "singer": "\u91d1\u5357\u73b2",
        "url": "http://ting6.yymp3.net:82/new25/jinnanling3/2.mp3"
    },
    {
        "name": "\u7b49\u4e00\u5206\u949f",
        "singer": "\u5f90\u8a89\u6ed5",
        "url": "http://ting6.yymp3.net:82/new13/xuyuteng2/11.mp3"
    },
    {
        "name": "\u504f\u7231",
        "singer": "\u5f20\u82b8\u4eac",
        "url": "http://ting6.yymp3.net:82/new14/zhangyj/5.mp3"
    },
    {
        "name": "\u9152\u5e72\u5018\u5356\u65e0",
        "singer": "\u5b59\u9732",
        "url": "http://ting6.yymp3.net:82/new27/sunlu7/1.mp3"
    },
    {
        "name": "\u9189\u6e05\u98ce",
        "singer": "\u5f26\u5b50",
        "url": "http://ting6.yymp3.net:82/new11/xianzi2/11.mp3"
    },
    {
        "name": "\u611f\u6069\u7684\u5fc3",
        "singer": "\u6b27\u9633\u83f2\u83f2",
        "url": "http://ting6.yymp3.net:82/no.mp3"
    },
    {
        "name": "\u8001\u4eba\u4e0e\u6d77",
        "singer": "\u6d77\u9e23\u5a01",
        "url": "http://ting6.yymp3.net:82/new15/yinnierhong2/16.mp3"
    },
    {
        "name": "\u4e07\u80fd\u94a5\u5319",
        "singer": "\u5f20\u96f7",
        "url": "http://ting6.yymp3.net:82/new27/zhanglei2/2.mp3"
    },
    {
        "name": "\u5957\u9a6c\u6746",
        "singer": "\u4e4c\u5170\u56fe\u96c5",
        "url": "http://ting6.yymp3.net:82/new22/wulantuya11/2.mp3"
    },
    {
        "name": "\u7a7a\u6795\u96be\u7720",
        "singer": "\u7f57\u79c9\u6d32",
        "url": "http://ting6.yymp3.net:82/new27/luobingzou/1.mp3"
    },
    {
        "name": "\u6885\u82b1\u4e09\u5f04",
        "singer": "\u4e4c\u5170\u56fe\u96c5",
        "url": "http://ting6.yymp3.net:82/new27/wulantuya18/7.mp3"
    },
    {
        "name": "\u7529\u8471\u6b4c",
        "singer": "\u521d\u97f3",
        "url": "http://ting6.yymp3.net:82/new21/chuyin/1.mp3"
    },
    {
        "name": "\u8001\u53f8\u673a",
        "singer": "\u9f99\u5954",
        "url": "http://ting6.yymp3.net:82/new27/longben5/1.mp3"
    },
    {
        "name": "\u6ca1\u90a3\u4e48\u7b80\u5355",
        "singer": "\u9ec4\u5c0f\u7425",
        "url": "http://ting6.yymp3.net:82/new16/huangxiaohu4/2.mp3"
    },
    {
        "name": "\u4f5b\u8bf4",
        "singer": "\u4f55\u665f\u94ed",
        "url": "http://ting6.yymp3.net:82/new27/heshengmin/2.mp3"
    },
    {
        "name": "\u6ef4\u7b54\u6ef4",
        "singer": "\u4f83\u4f83",
        "url": "http://ting6.yymp3.net:82/new7/kankan3/12.mp3"
    },
    {
        "name": "\u4eba\u5996\u7684\u5fe0\u8bda",
        "singer": "\u6cf0\u56fd\u97f3\u4e50",
        "url": "http://ting6.yymp3.net:82/new11/tglxyy/16.mp3"
    },
    {
        "name": "\u61c2\u4f60\u624d\u61c2\u7231",
        "singer": "\u5f6d\u4f73\u6167",
        "url": "http://ting6.yymp3.net:82/no.mp3"
    },
    {
        "name": "\u4f60\u7684\u80cc\u5305",
        "singer": "\u4e54\u7ef4\u6021",
        "url": "http://ting6.yymp3.net:82/new27/qiaoweiyi5/5.mp3"
    },
    {
        "name": "\u4e03\u6708\u4e0a",
        "singer": "Jam",
        "url": "http://ting6.yymp3.net:82/new27/jam/1.mp3"
    },
    {
        "name": "\u9a7f\u52a8\u7684\u5fc3",
        "singer": "\u94b1\u840c\u751f",
        "url": "http://ting6.yymp3.net:82/new27/qianmingsheng3/3.mp3"
    },
    {
        "name": "\u5929\u4e4b\u5927",
        "singer": "\u4e9a\u6d32\u5929\u4f7f\u7ae5\u58f0\u5408\u5531\u56e2",
        "url": "http://ting6.yymp3.net:82/new27/yztstshct/7.mp3"
    },
    {
        "name": "\u84dd\u773c\u6cea",
        "singer": "\u9648\u51a0\u8584",
        "url": "http://ting6.yymp3.net:82/yymp3/02old/10686c/chenguanpu/07.mp3"
    },
    {
        "name": "\u4e0d\u518d\u8054\u7cfb",
        "singer": "\u590f\u5929Alex",
        "url": "http://ting6.yymp3.net:82/new27/xtAlex7/10.mp3"
    },
    {
        "name": "\u5154\u5b50\u821e",
        "singer": "\u91ce\u72fc\u738b\u7684\u58eb\u9ad8",
        "url": "http://ting6.yymp3.net:82/new27/ylwdsg/4.mp3"
    },
    {
        "name": "\u4e09\u8a00\u4e24\u8bed\u6765\u8bf4\u7231",
        "singer": "\u6d77\u751f",
        "url": "http://ting6.yymp3.net:82/new27/haisheng2/14.mp3"
    },
    {
        "name": "\u7236\u5b50 - \u4f5f\u94c1\u946b \u6768\u6d0b",
        "singer": "\u6768\u6d0b",
        "url": "http://ting6.yymp3.net:82/new27/yangyang/3.mp3"
    },
    {
        "name": "\u704c\u9189",
        "singer": "\u9ad8\u592b",
        "url": "http://ting6.yymp3.net:82/new27/gaofu3/4.mp3"
    },
    {
        "name": "\u75af\u72c2\u7684\u9752\u86d9",
        "singer": "\u91ce\u72fc\u738b\u7684\u58eb\u9ad8",
        "url": "http://ting6.yymp3.net:82/new27/ylwdsg2/12.mp3"
    },
    {
        "name": "\u6211\u7231\u4e0a\u81ea\u5df1",
        "singer": "\u6e29\u5c9a",
        "url": "http://ting6.yymp3.net:82/new27/wenlan9/5.mp3"
    },
    {
        "name": "\u79cd\u8c46\u5357\u5c71\u4e0b",
        "singer": "\u590f\u6c99",
        "url": "http://ting6.yymp3.net:82/new27/xiasha2/1.mp3"
    },
    {
        "name": "\u5531\u9996\u4ec0\u4e48\u6b4c",
        "singer": "\u674e\u6f2b\u837b",
        "url": "http://ting6.yymp3.net:82/new24/limandi/2.mp3"
    },
    {
        "name": "\u5b9d\u8d1d\u4f60\u600e\u4e48\u80fd\u8ba9\u6211\u6d41\u6cea",
        "singer": "\u738b\u96c5\u6377",
        "url": "http://ting6.yymp3.net:82/new19/wangyajie/2.mp3"
    },
    {
        "name": "\u660e\u660e\u7231\u4f60",
        "singer": "\u6797\u51e1",
        "url": "http://ting6.yymp3.net:82/new25/lingfan6/1.mp3"
    },
    {
        "name": "\u3016\u4e09\u3017",
        "singer": "\u4e32\u70e7\u591c\u5e97\u97f3\u4e50",
        "url": "http://ting6.yymp3.net:82/new3/cxdsg/3.mp3"
    },
    {
        "name": "\u3016\u4e00\u3017",
        "singer": "\u4e32\u70e7\u591c\u5e97\u97f3\u4e50",
        "url": "http://ting6.yymp3.net:82/new3/cxdsg/1.mp3"
    },
    {
        "name": "\u4e00\u4ebf\u4e2a\u4f24\u5fc3 - \u8499\u9762\u54e5",
        "singer": "\u8499\u9762\u54e5",
        "url": "http://ting6.yymp3.net:82/new22/mengmiange/3.mp3"
    },
    {
        "name": "\u5b89\u548c\u6865 - \u5b87\u897f",
        "singer": "\u5b87\u897f",
        "url": "http://ting6.yymp3.net:82/new27/yuxi/1.mp3"
    },
    {
        "name": "\u75f4\u60c5\u73ab\u7470\u82b1 - Under Lover",
        "singer": "Under Lover",
        "url": "http://ting6.yymp3.net:82/new27/UnderLover/3.mp3"
    },
    {
        "name": "\u4e00\u4e2a\u4eba\u7231\u4e0a\u4e00\u4e2a\u4eba - \u8d75\u5955\u6b22",
        "singer": "\u8d75\u5955\u6b22",
        "url": "http://ting6.yymp3.net:82/new24/zhaoyihuan/3.mp3"
    },
    {
        "name": "\u5feb\u4e50\u7684\u4e00\u53ea\u5c0f\u9752\u86d9 - \u9752\u86d9\u4e50\u961f",
        "singer": "\u9752\u86d9\u4e50\u961f",
        "url": "http://ting6.yymp3.net:82/new27/qingwa2/13.mp3"
    },
    {
        "name": "\u5929\u4e0b\u6709\u60c5\u4eba - \u7ae5\u73fa",
        "singer": "\u7ae5\u73fa",
        "url": "http://ting6.yymp3.net:82/new27/tonjun/1.mp3"
    },
    {
        "name": "\u72af\u8d31 - \u5f90\u826f",
        "singer": "\u5f90\u826f",
        "url": "http://ting6.yymp3.net:82/new19/xuliang/1.mp3"
    },
    {
        "name": "\u65f6\u95f4\u90fd\u53bb\u54ea\u513f\u4e86 - \u738b\u94ee\u4eae",
        "singer": "\u738b\u94ee\u4eae",
        "url": "http://ting6.yymp3.net:82/new21/wangzhengliang5/12.mp3"
    },
    {
        "name": "\u5927\u53d4\u4e0d\u5356\u6211\u9999",
        "singer": "\u8001\u732b",
        "url": "http://ting6.yymp3.net:82/new27/laomao2/2.mp3"
    },
    {
        "name": "\u670b\u53cb\u540d\u4e49 - \u516d\u54f2",
        "singer": "\u516d\u54f2",
        "url": "http://ting6.yymp3.net:82/new27/liuzhe4/2.mp3"
    },
    {
        "name": "\u6c42\u5a5a\u8fdb\u884c\u66f2 - Under Lover",
        "singer": "Under Lover",
        "url": "http://ting6.yymp3.net:82/new27/UnderLover/1.mp3"
    },
    {
        "name": "\u8bd7\u4eba\u7684\u773c\u6cea",
        "singer": "\u5f20\u53ef\u513f",
        "url": "http://ting6.yymp3.net:82/new27/zhangkeer4/3.mp3"
    },
    {
        "name": "\u7ea2\u5c18\u60c5\u6b4c - \u9ad8\u5b89",
        "singer": "\u9ad8\u5b89",
        "url": "http://ting6.yymp3.net:82/new21/gaoan3/3.mp3"
    },
    {
        "name": "\u65ad\u4e86\u7ebf\u7684\u98ce\u7b5d",
        "singer": "\u5f20\u96f7",
        "url": "http://ting6.yymp3.net:82/new27/zhanglei2/8.mp3"
    },
    {
        "name": "\u6b20\u6211\u4e00\u6b21\u65c5\u884c \u65b0\u7248 - \u8d75\u970f\u513f",
        "singer": "\u8d75\u970f\u513f",
        "url": "http://ting6.yymp3.net:82/new27/zhaofeier/1.mp3"
    },
    {
        "name": "\u5fd9\u97f3 - \u590f\u5929Alex",
        "singer": "\u590f\u5929Alex",
        "url": "http://ting6.yymp3.net:82/new27/xtAlex7/11.mp3"
    },
    {
        "name": "\u5047\u9762\u4e4b\u604b - \u80e1\u7075",
        "singer": "\u80e1\u7075",
        "url": "http://ting6.yymp3.net:82/new27/huling7/1.mp3"
    },
    {
        "name": "\u6211\u8fc7\u5f97\u5f88\u597d - \u5e84\u5fc3\u598d",
        "singer": "\u5e84\u5fc3\u598d",
        "url": "http://ting6.yymp3.net:82/new27/zhuangxinyan14/4.mp3"
    },
    {
        "name": "\u585e\u73ed\u7684\u9634\u5929 - \u5e26\u6cea\u7684\u9c7c",
        "singer": "\u5e26\u6cea\u7684\u9c7c",
        "url": "http://ting6.yymp3.net:82/new27/daileideyu8/1.mp3"
    },
    {
        "name": "\u4f60\u5c31\u662f\u6211\u7684\u5929\u4f7f",
        "singer": "\u674e\u5fd7\u6d32",
        "url": "http://ting6.yymp3.net:82/new25/Lizhizhou9/4.mp3"
    },
    {
        "name": "\u8bf4\u597d\u5206\u624b\u4e0d\u4f1a\u54ed",
        "singer": "\u738b\u6613\u9633",
        "url": "http://ting6.yymp3.net:82/new27/wangyiyang/1.mp3"
    },
    {
        "name": "\u8d8a\u5531\u8d8a\u5bc2\u5bde - \u9648\u5a1f\u513f",
        "singer": "\u9648\u5a1f\u513f",
        "url": "http://ting6.yymp3.net:82/new18/chenjuaner/3.mp3"
    },
    {
        "name": "\u5f2f\u5f2f\u7684\u6708\u4eae",
        "singer": "\u9f9a\u73a5",
        "url": "http://ting6.yymp3.net:82/new17/Gongyue10/13.mp3"
    },
    {
        "name": "\u7ea2\u5c18\u6709\u7f18",
        "singer": "\u5b89\u4e1c\u9633",
        "url": "http://ting6.yymp3.net:82/new26/andongyang6/3.mp3"
    },
    {
        "name": "\u4e01\u9999\u82b1",
        "singer": "\u5510\u78ca",
        "url": "http://ting6.yymp3.net:82/yymp3/01cn/03new/tangle/001.mp3"
    },
    {
        "name": "\u7b97\u4e86\u5427",
        "singer": "\u516d\u54f2",
        "url": "http://ting6.yymp3.net:82/new27/liuzhe4/12.mp3"
    },
    {
        "name": "\u79cb\u6708\u6625\u82b1",
        "singer": "\u590f\u96ea",
        "url": "http://ting6.yymp3.net:82/new27/xiaxue/1.mp3"
    },
    {
        "name": "\u75f4\u5fc3\u7edd\u5bf9",
        "singer": "\u674e\u5723\u6770",
        "url": "http://ting6.yymp3.net:82/new/lishengjie2/11.mp3"
    },
    {
        "name": "\u5e74\u8f6e",
        "singer": "\u6c6a\u82cf\u6cf7",
        "url": "http://ting6.yymp3.net:82/new26/wangsulong3/2.mp3"
    },
    {
        "name": "\u795e\u5947\u7267\u4eba\u5be8",
        "singer": "\u4e91\u98de",
        "url": "http://ting6.yymp3.net:82/new27/yunfei3/1.mp3"
    },
    {
        "name": "\u516c\u8def\u5c3d\u5934",
        "singer": "\u94ae\u52b2\u6db5",
        "url": "http://ting6.yymp3.net:82/new27/niujinhan/1.mp3"
    },
    {
        "name": "\u60c5\u4e66\u4e0d\u5305\u90ae",
        "singer": "\u540e\u5f26",
        "url": "http://ting6.yymp3.net:82/new25/houxuan8/1.mp3"
    },
    {
        "name": "\u556a\u556a\u556a",
        "singer": "\u8427\u5168",
        "url": "http://ting6.yymp3.net:82/new27/xiaoquan6/1.mp3"
    },
    {
        "name": "\u7231\u4f60\u7231\u5230\u9aa8\u5934\u91cc",
        "singer": "\u4f59\u6da6\u6cfd",
        "url": "http://ting6.yymp3.net:82/new20/yurunze4/2.mp3"
    },
    {
        "name": "\u7231\u60c5\u4e70\u5356",
        "singer": "\u6155\u5bb9\u6653\u6653",
        "url": "http://ting6.yymp3.net:82/new18/murongxx2/5.mp3"
    },
    {
        "name": "\u534a\u6708",
        "singer": "\u590f\u540e",
        "url": "http://ting6.yymp3.net:82/new26/xiahou2/1.mp3"
    },
    {
        "name": "\u5e7b\u96e8",
        "singer": "\u675c\u96ef\u5a9e",
        "url": "http://ting6.yymp3.net:82/new27/duwenti2/1.mp3"
    },
    {
        "name": "\u6211\u4eec\u90fd\u6ca1\u9519",
        "singer": "\u5218\u54c1\u8a00",
        "url": "http://ting6.yymp3.net:82/new27/liupinyan/3.mp3"
    },
    {
        "name": "\u4e00\u62cd\u4e24\u6563",
        "singer": "\u8bb8\u4f73\u6167",
        "url": "http://ting6.yymp3.net:82/new20/xujiahui3/1.mp3"
    },
    {
        "name": "\u8424\u706b\u866b\u957f\u5927",
        "singer": "\u5f6d\u535a",
        "url": "http://ting6.yymp3.net:82/new27/pengbo/5.mp3"
    },
    {
        "name": "\u9519\u9519\u9519",
        "singer": "\u9648\u5a1f\u513f",
        "url": "http://ting6.yymp3.net:82/new20/chenjuaner2/2.mp3"
    },
    {
        "name": "\u6021\u7ea2\u9662",
        "singer": "\u5f90\u6d2a\u521a",
        "url": "http://ting6.yymp3.net:82/new24/xuhonggang/5.mp3"
    },
    {
        "name": "\u6628\u591c\u661f\u8fb0",
        "singer": "\u5218\u6625\u7f8e",
        "url": "http://ting6.yymp3.net:82/new27/liuchunmei2/12.mp3"
    },
    {
        "name": "\u96e8\u82b1\u77f3",
        "singer": "\u674e\u96e8\u513f",
        "url": "http://ting6.yymp3.net:82/new20/liyuer3/3.mp3"
    },
    {
        "name": "\u5973\u4eba\u82b1",
        "singer": "\u5f90\u4f73\u83b9",
        "url": "http://ting6.yymp3.net:82/new27/xujiaying7/3.mp3"
    },
    {
        "name": "\u9519\u8fc7\u4e86\u7f18\u5206\u9519\u8fc7\u4f60",
        "singer": "\u51b7\u6f20",
        "url": "http://ting6.yymp3.net:82/new22/lengmo14/9.mp3"
    },
    {
        "name": "\u8d70\u9a6c",
        "singer": "\u9648\u7c92",
        "url": "http://ting6.yymp3.net:82/new27/chengli/1.mp3"
    },
    {
        "name": "\u60c5\u4e66",
        "singer": "\u674e\u660a\u5609",
        "url": "http://ting6.yymp3.net:82/new21/lihaojia2/1.mp3"
    },
    {
        "name": "\u00a4\u597d\u542c\u7684\u8fea\u62dc\u6c99\u53d1\u97f3\u4e50",
        "singer": "Manfold Music & ZYX",
        "url": "http://ting6.yymp3.net:82/new27/DubaiChillLounge2/5.mp3"
    },
    {
        "name": "\u3016\u4e8c\u3017",
        "singer": "\u4e32\u70e7\u591c\u5e97\u97f3\u4e50",
        "url": "http://ting6.yymp3.net:82/new3/cxdsg/2.mp3"
    },
    {
        "name": "\u3016\u4e00\u3017",
        "singer": "\u51b0\u6cb3\u65f6\u4ee3",
        "url": "http://ting6.yymp3.net:82/new3/bhsd/1.mp3"
    },
    {
        "name": "\u3016\u4e8c\u3017",
        "singer": "\u51b0\u6cb3\u65f6\u4ee3",
        "url": "http://ting6.yymp3.net:82/new3/bhsd/2.mp3"
    }
]